model,min_edge,position_fraction,brier_train,brier_validation,brier_test,market_brier_test,beats_market_brier_everywhere,roi_train,trades_train,winrate_train,roi_validation,trades_validation,winrate_validation,roi_test,trades_test,winrate_test,worst_split_roi,all_splits_positive,min_trades
market-mid (reference),0.05,0.01,0.13457386380267475,0.1519748559659091,0.1353453750952744,0.1353453750952744,False,,0,,,0,,,0,,,False,0
market-mid (reference),0.06,0.01,0.13457386380267475,0.1519748559659091,0.1353453750952744,0.1353453750952744,False,,0,,,0,,,0,,,False,0
market-mid (reference),0.07,0.01,0.13457386380267475,0.1519748559659091,0.1353453750952744,0.1353453750952744,False,,0,,,0,,,0,,,False,0
market-mid (reference),0.08,0.01,0.13457386380267475,0.1519748559659091,0.1353453750952744,0.1353453750952744,False,,0,,,0,,,0,,,False,0
market-mid (reference),0.1,0.01,0.13457386380267475,0.1519748559659091,0.1353453750952744,0.1353453750952744,False,,0,,,0,,,0,,,False,0
market-mid (reference),0.12,0.01,0.13457386380267475,0.1519748559659091,0.1353453750952744,0.1353453750952744,False,,0,,,0,,,0,,,False,0
market-mid (reference),0.15,0.01,0.13457386380267475,0.1519748559659091,0.1353453750952744,0.1353453750952744,False,,0,,,0,,,0,,,False,0
A0 analytic GBM,0.05,0.01,0.14634065196150542,0.17791623307137075,0.14179204410784887,0.1353453750952744,False,-0.22301800000000013,764,0.5078534031413613,-0.14133700000000002,260,0.5153846153846153,0.05073399999999997,252,0.5079365079365079,-0.22301800000000013,False,252
A0 analytic GBM,0.06,0.01,0.14634065196150542,0.17791623307137075,0.14179204410784887,0.1353453750952744,False,-0.3442290000000002,748,0.49866310160427807,-0.08566300000000002,256,0.53125,0.08033100000000001,248,0.5080645161290323,-0.3442290000000002,False,248
A0 analytic GBM,0.07,0.01,0.14634065196150542,0.17791623307137075,0.14179204410784887,0.1353453750952744,False,-0.1436470000000001,730,0.5027397260273972,-0.02431199999999997,254,0.5433070866141733,0.055621999999999984,240,0.5166666666666667,-0.1436470000000001,False,240
A0 analytic GBM,0.08,0.01,0.14634065196150542,0.17791623307137075,0.14179204410784887,0.1353453750952744,False,-0.24697199999999997,708,0.4887005649717514,0.039363999999999975,247,0.5506072874493927,0.08748000000000004,233,0.5236051502145923,-0.24697199999999997,False,233
A0 analytic GBM,0.1,0.01,0.14634065196150542,0.17791623307137075,0.14179204410784887,0.1353453750952744,False,-0.15651099999999996,636,0.47955974842767296,-0.05236800000000002,230,0.5478260869565217,0.23775200000000005,208,0.5096153846153846,-0.15651099999999996,False,208
A0 analytic GBM,0.12,0.01,0.14634065196150542,0.17791623307137075,0.14179204410784887,0.1353453750952744,False,-0.010518999999999884,558,0.482078853046595,0.11971399999999995,219,0.54337899543379,0.05379499999999996,177,0.5141242937853108,-0.010518999999999884,False,177
A0 analytic GBM,0.15,0.01,0.14634065196150542,0.17791623307137075,0.14179204410784887,0.1353453750952744,False,0.555769,437,0.4897025171624714,0.023150999999999925,194,0.5463917525773195,0.04794499999999996,138,0.5362318840579711,0.023150999999999925,True,138
A logistic (baseline feats),0.05,0.01,0.15098894637601404,0.16090693618067037,0.1483104761009496,0.1353453750952744,False,-0.25781000000000004,789,0.5868187579214195,0.03393,263,0.5817490494296578,-0.07794000000000002,263,0.6007604562737643,-0.25781000000000004,False,263
A logistic (baseline feats),0.06,0.01,0.15098894637601404,0.16090693618067037,0.1483104761009496,0.1353453750952744,False,-0.21821500000000016,785,0.5923566878980892,0.023904000000000012,263,0.5817490494296578,-0.10216000000000008,263,0.596958174904943,-0.21821500000000016,False,263
A logistic (baseline feats),0.07,0.01,0.15098894637601404,0.16090693618067037,0.1483104761009496,0.1353453750952744,False,-0.30465700000000007,783,0.5862068965517241,-0.020482999999999998,262,0.5725190839694656,-0.07300000000000001,263,0.6083650190114068,-0.30465700000000007,False,262
A logistic (baseline feats),0.08,0.01,0.15098894637601404,0.16090693618067037,0.1483104761009496,0.1353453750952744,False,-0.36829500000000004,777,0.5804375804375804,0.106802,259,0.5675675675675675,-0.10547000000000004,262,0.6030534351145038,-0.36829500000000004,False,259
A logistic (baseline feats),0.1,0.01,0.15098894637601404,0.16090693618067037,0.1483104761009496,0.1353453750952744,False,-0.3258230000000001,760,0.5815789473684211,0.47740999999999995,245,0.5918367346938775,-0.02014000000000003,261,0.632183908045977,-0.3258230000000001,False,245
A logistic (baseline feats),0.12,0.01,0.15098894637601404,0.16090693618067037,0.1483104761009496,0.1353453750952744,False,-0.3139680000000001,736,0.5788043478260869,0.479874,234,0.5811965811965812,0.0023129999999999314,257,0.642023346303502,-0.3139680000000001,False,234
A logistic (baseline feats),0.15,0.01,0.15098894637601404,0.16090693618067037,0.1483104761009496,0.1353453750952744,False,-0.18103400000000006,668,0.5748502994011976,0.20553699999999997,200,0.54,-0.06884900000000002,236,0.6271186440677966,-0.18103400000000006,False,200
B logistic (technical feats),0.05,0.01,0.14754990651390967,0.15986775820375443,0.1560560939301134,0.1353453750952744,False,-0.049351999999999945,790,0.5886075949367089,0.041474000000000004,262,0.5725190839694656,-0.041415000000000035,263,0.5893536121673004,-0.049351999999999945,False,262
B logistic (technical feats),0.06,0.01,0.14754990651390967,0.15986775820375443,0.1560560939301134,0.1353453750952744,False,0.056621000000000025,786,0.5954198473282443,0.03795600000000003,262,0.5725190839694656,-0.00346100000000002,261,0.6015325670498084,-0.00346100000000002,False,261
B logistic (technical feats),0.07,0.01,0.14754990651390967,0.15986775820375443,0.1560560939301134,0.1353453750952744,False,0.059517000000000035,777,0.5945945945945946,0.14412000000000003,261,0.5938697318007663,-0.043140000000000026,258,0.6046511627906976,-0.043140000000000026,False,258
B logistic (technical feats),0.08,0.01,0.14754990651390967,0.15986775820375443,0.1560560939301134,0.1353453750952744,False,0.192958,764,0.5916230366492147,0.16207000000000005,260,0.5884615384615385,0.043497999999999974,257,0.6070038910505836,0.043497999999999974,True,257
B logistic (technical feats),0.1,0.01,0.14754990651390967,0.15986775820375443,0.1560560939301134,0.1353453750952744,False,0.2101869999999999,712,0.5870786516853933,0.11170299999999998,250,0.572,-0.006287000000000049,246,0.5975609756097561,-0.006287000000000049,False,246
B logistic (technical feats),0.12,0.01,0.14754990651390967,0.15986775820375443,0.1560560939301134,0.1353453750952744,False,0.04524100000000006,658,0.5547112462006079,0.14483799999999997,228,0.5526315789473685,-0.004506000000000014,232,0.5818965517241379,-0.004506000000000014,False,228
B logistic (technical feats),0.15,0.01,0.14754990651390967,0.15986775820375443,0.1560560939301134,0.1353453750952744,False,-0.162983,556,0.5089928057553957,0.19758399999999987,207,0.5217391304347826,-0.19976500000000005,194,0.5257731958762887,-0.19976500000000005,False,194
C gradient boosting,0.05,0.01,0.12817048712263393,0.1600720796256557,0.14095919021019623,0.1353453750952744,False,5.609074,769,0.6085825747724317,0.049491000000000014,261,0.5287356321839081,-0.222314,256,0.48828125,-0.222314,False,256
C gradient boosting,0.06,0.01,0.12817048712263393,0.1600720796256557,0.14095919021019623,0.1353453750952744,False,7.919492,741,0.6032388663967612,0.08602999999999997,258,0.5232558139534884,-0.19579400000000005,254,0.4921259842519685,-0.19579400000000005,False,254
C gradient boosting,0.07,0.01,0.12817048712263393,0.1600720796256557,0.14095919021019623,0.1353453750952744,False,7.307484999999999,713,0.5876577840112202,0.06613200000000005,251,0.5219123505976095,-0.19843500000000003,247,0.4817813765182186,-0.19843500000000003,False,247
C gradient boosting,0.08,0.01,0.12817048712263393,0.1600720796256557,0.14095919021019623,0.1353453750952744,False,5.0025900000000005,678,0.5648967551622419,0.03816000000000004,244,0.5163934426229508,-0.07617000000000007,233,0.48068669527896996,-0.07617000000000007,False,233
C gradient boosting,0.1,0.01,0.12817048712263393,0.1600720796256557,0.14095919021019623,0.1353453750952744,False,7.344266999999999,597,0.5510887772194305,0.17934100000000006,215,0.5162790697674419,0.13891899999999996,193,0.49222797927461137,0.13891899999999996,True,193
C gradient boosting,0.12,0.01,0.12817048712263393,0.1600720796256557,0.14095919021019623,0.1353453750952744,False,8.049288,500,0.528,0.14630300000000004,190,0.46842105263157896,0.15365499999999993,142,0.45774647887323944,0.14630300000000004,True,142
C gradient boosting,0.15,0.01,0.12817048712263393,0.1600720796256557,0.14095919021019623,0.1353453750952744,False,10.240593,338,0.5384615384615384,0.013332000000000023,156,0.42948717948717946,0.5185,95,0.45263157894736844,0.013332000000000023,True,95
C random forest,0.05,0.01,0.13121138916897485,0.1577810208003969,0.1388058550059501,0.1353453750952744,False,3.499946,769,0.6241872561768531,0.27524,260,0.5846153846153846,0.04719699999999992,255,0.5725490196078431,0.04719699999999992,True,255
C random forest,0.06,0.01,0.13121138916897485,0.1577810208003969,0.1388058550059501,0.1353453750952744,False,3.917485,743,0.629878869448183,0.19650000000000006,255,0.5725490196078431,0.036619999999999917,249,0.570281124497992,0.036619999999999917,True,249
C random forest,0.07,0.01,0.13121138916897485,0.1577810208003969,0.1388058550059501,0.1353453750952744,False,2.7126910000000004,714,0.6120448179271709,0.11911800000000002,251,0.5697211155378487,-5.684341886080802e-17,240,0.5583333333333333,-5.684341886080802e-17,False,240
C random forest,0.08,0.01,0.13121138916897485,0.1577810208003969,0.1388058550059501,0.1353453750952744,False,2.9855359999999997,672,0.6160714285714286,0.16594899999999996,242,0.5661157024793388,-0.04962300000000005,224,0.5535714285714286,-0.04962300000000005,False,224
C random forest,0.1,0.01,0.13121138916897485,0.1577810208003969,0.1388058550059501,0.1353453750952744,False,2.866482,577,0.5961871750433275,0.15852300000000003,216,0.5462962962962963,0.04883399999999995,190,0.5473684210526316,0.04883399999999995,True,190
C random forest,0.12,0.01,0.13121138916897485,0.1577810208003969,0.1388058550059501,0.1353453750952744,False,2.747313,457,0.562363238512035,0.005281000000000056,183,0.5027322404371585,0.21669499999999997,157,0.5477707006369427,0.005281000000000056,True,157
C random forest,0.15,0.01,0.13121138916897485,0.1577810208003969,0.1388058550059501,0.1353453750952744,False,2.4219489999999997,305,0.5180327868852459,0.22891,133,0.47368421052631576,0.25176000000000004,86,0.43023255813953487,0.22891,True,86
R residual-ridge shrink=1.00,0.05,0.01,0.13408296018994298,0.15126638506138346,0.14079782068139923,0.1353453750952744,False,0.031523,46,0.6086956521739131,-0.035919999999999994,10,0.5,-0.12163200000000002,46,0.34782608695652173,-0.12163200000000002,False,10
R residual-ridge shrink=1.00,0.06,0.01,0.13408296018994298,0.15126638506138346,0.14079782068139923,0.1353453750952744,False,-0.0038409999999999994,25,0.6,-0.021071999999999997,6,0.5,-0.10051399999999998,39,0.3333333333333333,-0.10051399999999998,False,6
R residual-ridge shrink=1.00,0.07,0.01,0.13408296018994298,0.15126638506138346,0.14079782068139923,0.1353453750952744,False,0.00639299999999999,15,0.6,-0.012300999999999996,4,0.5,-0.081437,31,0.3225806451612903,-0.081437,False,4
R residual-ridge shrink=1.00,0.08,0.01,0.13408296018994298,0.15126638506138346,0.14079782068139923,0.1353453750952744,False,0.06172,8,1.0,-0.004860999999999994,2,0.5,-0.06223,22,0.3181818181818182,-0.06223,False,2
R residual-ridge shrink=1.00,0.1,0.01,0.13408296018994298,0.15126638506138346,0.14079782068139923,0.1353453750952744,False,0.03271,4,1.0,0.005810000000000001,1,1.0,-0.01844,14,0.35714285714285715,-0.01844,False,1
R residual-ridge shrink=1.00,0.12,0.01,0.13408296018994298,0.15126638506138346,0.14079782068139923,0.1353453750952744,False,0.02077,3,1.0,0.005810000000000001,1,1.0,-0.009640000000000004,11,0.36363636363636365,-0.009640000000000004,False,1
R residual-ridge shrink=1.00,0.15,0.01,0.13408296018994298,0.15126638506138346,0.14079782068139923,0.1353453750952744,False,0.01464,2,1.0,0.005810000000000001,1,1.0,-0.03259,10,0.3,-0.03259,False,1
R residual-ridge shrink=0.50,0.05,0.01,0.13424760654560913,0.1514942807719375,0.1377940546675077,0.1353453750952744,False,0.02077,3,1.0,0.005810000000000001,1,1.0,-0.019840000000000007,12,0.3333333333333333,-0.019840000000000007,False,1
R residual-ridge shrink=0.50,0.06,0.01,0.13424760654560913,0.1514942807719375,0.1377940546675077,0.1353453750952744,False,0.02077,3,1.0,0.005810000000000001,1,1.0,-0.009640000000000004,11,0.36363636363636365,-0.009640000000000004,False,1
R residual-ridge shrink=0.50,0.07,0.01,0.13424760654560913,0.1514942807719375,0.1377940546675077,0.1353453750952744,False,0.01464,2,1.0,0.005810000000000001,1,1.0,-0.03259,10,0.3,-0.03259,False,1
R residual-ridge shrink=0.50,0.08,0.01,0.13424760654560913,0.1514942807719375,0.1377940546675077,0.1353453750952744,False,0.00628,1,1.0,0.005810000000000001,1,1.0,-0.022650000000000007,9,0.3333333333333333,-0.022650000000000007,False,1
R residual-ridge shrink=0.50,0.1,0.01,0.13424760654560913,0.1514942807719375,0.1377940546675077,0.1353453750952744,False,0.00628,1,1.0,0.005810000000000001,1,1.0,-0.015320000000000002,5,0.4,-0.015320000000000002,False,1
R residual-ridge shrink=0.50,0.12,0.01,0.13424760654560913,0.1514942807719375,0.1377940546675077,0.1353453750952744,False,,0,,0.005810000000000001,1,1.0,-0.005480000000000002,4,0.5,-0.005480000000000002,False,0
R residual-ridge shrink=0.50,0.15,0.01,0.13424760654560913,0.1514942807719375,0.1377940546675077,0.1353453750952744,False,,0,,0.005810000000000001,1,1.0,-0.005480000000000002,4,0.5,-0.005480000000000002,False,0
R residual-ridge shrink=0.25,0.05,0.01,0.1343894087831757,0.15165704871280297,0.13649566113282127,0.1353453750952744,False,,0,,0.005810000000000001,1,1.0,-0.015320000000000002,5,0.4,-0.015320000000000002,False,0
R residual-ridge shrink=0.25,0.06,0.01,0.1343894087831757,0.15165704871280297,0.13649566113282127,0.1353453750952744,False,,0,,0.005810000000000001,1,1.0,-0.005480000000000002,4,0.5,-0.005480000000000002,False,0
R residual-ridge shrink=0.25,0.07,0.01,0.1343894087831757,0.15165704871280297,0.13649566113282127,0.1353453750952744,False,,0,,0.005810000000000001,1,1.0,-0.005480000000000002,4,0.5,-0.005480000000000002,False,0
R residual-ridge shrink=0.25,0.08,0.01,0.1343894087831757,0.15165704871280297,0.13649566113282127,0.1353453750952744,False,,0,,0.005810000000000001,1,1.0,-0.014749999999999997,3,0.3333333333333333,-0.014749999999999997,False,0
R residual-ridge shrink=0.25,0.1,0.01,0.1343894087831757,0.15165704871280297,0.13649566113282127,0.1353453750952744,False,,0,,0.005810000000000001,1,1.0,-0.009740000000000002,1,0.0,-0.009740000000000002,False,0
R residual-ridge shrink=0.25,0.12,0.01,0.1343894087831757,0.15165704871280297,0.13649566113282127,0.1353453750952744,False,,0,,0.005810000000000001,1,1.0,-0.009740000000000002,1,0.0,-0.009740000000000002,False,0
R residual-ridge shrink=0.25,0.15,0.01,0.1343894087831757,0.15165704871280297,0.13649566113282127,0.1353453750952744,False,,0,,0.005810000000000001,1,1.0,-0.009740000000000002,1,0.0,-0.009740000000000002,False,0
R residual-gb shrink=1.00,0.05,0.01,0.12233374039029521,0.15158262004412237,0.13598379340039254,0.1353453750952744,False,47.110949,489,0.8445807770961146,0.03831100000000007,182,0.5934065934065934,0.07537700000000001,166,0.5843373493975904,0.03831100000000007,True,166
R residual-gb shrink=1.00,0.06,0.01,0.12233374039029521,0.15158262004412237,0.13598379340039254,0.1353453750952744,False,41.67987599999999,382,0.8821989528795812,0.13221500000000003,138,0.5507246376811594,0.028242000000000062,131,0.5725190839694656,0.028242000000000062,True,131
R residual-gb shrink=1.00,0.07,0.01,0.12233374039029521,0.15158262004412237,0.13598379340039254,0.1353453750952744,False,39.731553999999996,300,0.92,0.1580050000000001,108,0.5462962962962963,-0.018412999999999995,100,0.56,-0.018412999999999995,False,100
R residual-gb shrink=1.00,0.08,0.01,0.12233374039029521,0.15158262004412237,0.13598379340039254,0.1353453750952744,False,20.920154,240,0.9083333333333333,0.21060600000000004,92,0.5652173913043478,-0.018606,66,0.5606060606060606,-0.018606,False,66
R residual-gb shrink=1.00,0.1,0.01,0.12233374039029521,0.15158262004412237,0.13598379340039254,0.1353453750952744,False,8.937100000000003,150,0.9333333333333333,0.29111600000000004,70,0.6,0.001299999999999994,38,0.5789473684210527,0.001299999999999994,True,38
R residual-gb shrink=1.00,0.12,0.01,0.12233374039029521,0.15158262004412237,0.13598379340039254,0.1353453750952744,False,3.4740409999999997,94,0.9680851063829787,0.07941000000000002,44,0.5681818181818182,0.015449999999999993,23,0.6086956521739131,0.015449999999999993,True,23
R residual-gb shrink=1.00,0.15,0.01,0.12233374039029521,0.15158262004412237,0.13598379340039254,0.1353453750952744,False,1.2943689999999997,42,1.0,0.04769000000000001,32,0.5625,-0.02031199999999999,12,0.5,-0.02031199999999999,False,12
R residual-gb shrink=0.50,0.05,0.01,0.12793498129411468,0.15101245822161108,0.13528397904170075,0.1353453750952744,True,8.740025,136,0.9485294117647058,0.29818199999999995,63,0.6349206349206349,0.021232,36,0.6111111111111112,0.021232,True,36
R residual-gb shrink=0.50,0.06,0.01,0.12793498129411468,0.15101245822161108,0.13528397904170075,0.1353453750952744,True,3.335746,89,0.9887640449438202,0.05848,42,0.5714285714285714,0.02585900000000001,22,0.6818181818181818,0.02585900000000001,True,22
R residual-gb shrink=0.50,0.07,0.01,0.12793498129411468,0.15101245822161108,0.13528397904170075,0.1353453750952744,True,1.5094530000000002,49,1.0,0.06828000000000001,34,0.5882352941176471,-0.01587799999999999,14,0.5714285714285714,-0.01587799999999999,False,14
R residual-gb shrink=0.50,0.08,0.01,0.12793498129411468,0.15101245822161108,0.13528397904170075,0.1353453750952744,True,1.0896960000000002,31,1.0,0.028159999999999998,29,0.5517241379310345,-0.01839399999999999,7,0.42857142857142855,-0.01839399999999999,False,7
R residual-gb shrink=0.50,0.1,0.01,0.12793498129411468,0.15101245822161108,0.13528397904170075,0.1353453750952744,True,0.595712,14,1.0,0.04882499999999999,21,0.6190476190476191,-0.020210000000000002,2,0.0,-0.020210000000000002,False,2
R residual-gb shrink=0.50,0.12,0.01,0.12793498129411468,0.15101245822161108,0.13528397904170075,0.1353453750952744,True,0.449095,9,1.0,0.06103,8,0.875,-0.010360000000000001,1,0.0,-0.010360000000000001,False,1
R residual-gb shrink=0.50,0.15,0.01,0.12793498129411468,0.15101245822161108,0.13528397904170075,0.1353453750952744,True,0.07275999999999999,2,1.0,0.00965,1,1.0,,0,,0.00965,False,0
R residual-gb shrink=0.25,0.05,0.01,0.13112233862746947,0.1512929423797369,0.13521988757178657,0.1353453750952744,True,0.577581,13,1.0,0.038155999999999995,18,0.6111111111111112,-0.020210000000000002,2,0.0,-0.020210000000000002,False,2
R residual-gb shrink=0.25,0.06,0.01,0.13112233862746947,0.1512929423797369,0.13521988757178657,0.1353453750952744,True,0.449095,9,1.0,0.030670000000000003,6,0.8333333333333334,,0,,0.030670000000000003,False,0
R residual-gb shrink=0.25,0.07,0.01,0.13112233862746947,0.1512929423797369,0.13521988757178657,0.1353453750952744,True,0.09369999999999999,3,1.0,0.01157,2,1.0,,0,,0.01157,False,0
R residual-gb shrink=0.25,0.08,0.01,0.13112233862746947,0.1512929423797369,0.13521988757178657,0.1353453750952744,True,0.051489999999999994,1,1.0,0.00965,1,1.0,,0,,0.00965,False,0
R residual-gb shrink=0.25,0.1,0.01,0.13112233862746947,0.1512929423797369,0.13521988757178657,0.1353453750952744,True,0.051489999999999994,1,1.0,,0,,,0,,0.051489999999999994,False,0
R residual-gb shrink=0.25,0.12,0.01,0.13112233862746947,0.1512929423797369,0.13521988757178657,0.1353453750952744,True,0.051489999999999994,1,1.0,,0,,,0,,0.051489999999999994,False,0
R residual-gb shrink=0.25,0.15,0.01,0.13112233862746947,0.1512929423797369,0.13521988757178657,0.1353453750952744,True,,0,,,0,,,0,,,False,0
R residual-rf shrink=1.00,0.05,0.01,0.12390088073391686,0.15147291178550712,0.13600364006530724,0.1353453750952744,False,13.765989,338,0.863905325443787,-0.021879999999999993,149,0.6040268456375839,-0.06281200000000003,85,0.5176470588235295,-0.06281200000000003,False,85
R residual-rf shrink=1.00,0.06,0.01,0.12390088073391686,0.15147291178550712,0.13600364006530724,0.1353453750952744,False,7.941095000000002,248,0.9032258064516129,0.047910000000000036,111,0.6396396396396397,-0.057290000000000015,43,0.4883720930232558,-0.057290000000000015,False,43
R residual-rf shrink=1.00,0.07,0.01,0.12390088073391686,0.15147291178550712,0.13600364006530724,0.1353453750952744,False,4.611496,167,0.9700598802395209,0.008969000000000003,72,0.625,-0.056150000000000005,23,0.43478260869565216,-0.056150000000000005,False,23
R residual-rf shrink=1.00,0.08,0.01,0.12390088073391686,0.15147291178550712,0.13600364006530724,0.1353453750952744,False,2.3995869999999995,123,0.967479674796748,-0.01906999999999999,47,0.574468085106383,-0.056780000000000004,11,0.2727272727272727,-0.056780000000000004,False,11
R residual-rf shrink=1.00,0.1,0.01,0.12390088073391686,0.15147291178550712,0.13600364006530724,0.1353453750952744,False,0.564836,40,0.975,-0.018290000000000008,19,0.5263157894736842,-0.020059999999999995,2,0.0,-0.020059999999999995,False,2
R residual-rf shrink=1.00,0.12,0.01,0.12390088073391686,0.15147291178550712,0.13600364006530724,0.1353453750952744,False,0.15465000000000004,22,0.9545454545454546,0.009529999999999999,4,0.75,-0.010239999999999999,1,0.0,-0.010239999999999999,False,1
R residual-rf shrink=1.00,0.15,0.01,0.12390088073391686,0.15147291178550712,0.13600364006530724,0.1353453750952744,False,0.0059700000000000005,1,1.0,,0,,,0,,0.0059700000000000005,False,0
R residual-rf shrink=0.50,0.05,0.01,0.12893616185273216,0.15138632553372242,0.1354995617403947,0.1353453750952744,False,0.47092599999999996,33,0.9696969696969697,-0.0321,13,0.46153846153846156,-0.020059999999999995,2,0.0,-0.0321,False,2
R residual-rf shrink=0.50,0.06,0.01,0.12893616185273216,0.15138632553372242,0.1354995617403947,0.1353453750952744,False,0.13502,18,1.0,0.0035600000000000007,3,0.6666666666666666,-0.010239999999999999,1,0.0,-0.010239999999999999,False,1
R residual-rf shrink=0.50,0.07,0.01,0.12893616185273216,0.15138632553372242,0.1354995617403947,0.1353453750952744,False,0.01411,2,1.0,,0,,,0,,0.01411,False,0
R residual-rf shrink=0.50,0.08,0.01,0.12893616185273216,0.15138632553372242,0.1354995617403947,0.1353453750952744,False,,0,,,0,,,0,,,False,0
R residual-rf shrink=0.50,0.1,0.01,0.12893616185273216,0.15138632553372242,0.1354995617403947,0.1353453750952744,False,,0,,,0,,,0,,,False,0
R residual-rf shrink=0.50,0.12,0.01,0.12893616185273216,0.15138632553372242,0.1354995617403947,0.1353453750952744,False,,0,,,0,,,0,,,False,0
R residual-rf shrink=0.50,0.15,0.01,0.12893616185273216,0.15138632553372242,0.1354995617403947,0.1353453750952744,False,,0,,,0,,,0,,,False,0
R residual-rf shrink=0.25,0.05,0.01,0.13167857515303352,0.15159238593088686,0.13537796301878005,0.1353453750952744,False,,0,,,0,,,0,,,False,0
R residual-rf shrink=0.25,0.06,0.01,0.13167857515303352,0.15159238593088686,0.13537796301878005,0.1353453750952744,False,,0,,,0,,,0,,,False,0
R residual-rf shrink=0.25,0.07,0.01,0.13167857515303352,0.15159238593088686,0.13537796301878005,0.1353453750952744,False,,0,,,0,,,0,,,False,0
R residual-rf shrink=0.25,0.08,0.01,0.13167857515303352,0.15159238593088686,0.13537796301878005,0.1353453750952744,False,,0,,,0,,,0,,,False,0
R residual-rf shrink=0.25,0.1,0.01,0.13167857515303352,0.15159238593088686,0.13537796301878005,0.1353453750952744,False,,0,,,0,,,0,,,False,0
R residual-rf shrink=0.25,0.12,0.01,0.13167857515303352,0.15159238593088686,0.13537796301878005,0.1353453750952744,False,,0,,,0,,,0,,,False,0
R residual-rf shrink=0.25,0.15,0.01,0.13167857515303352,0.15159238593088686,0.13537796301878005,0.1353453750952744,False,,0,,,0,,,0,,,False,0
